Course Code,Course Title,Lectures,Tutorials,Practicals,Self-Study,Credits,Faculty,Classroom,Semester,Electives,Basket,Section,Post mid-sem,Common
MA161,Statistics,,,,,2,Dr. Ramesh Athe,,1,F,,,N,Y
DS161,Introduction to Data science and Artificial Intellignce,,,,,2,Dr. Abdul Wahid,,1,F,,,N,Y
MA162,Probability,,,,,2,Dr. Chinmayananda,,1,F,,,Y,Y
EC161,Digital Design ,3,0,2,0,2,Dr. Prakash Pawar,,1,F,,,Y,Y
CS161,Problem solving through programming ,3,0,2,0,4,Dr. Sunil P V,,1,F,,A,N,N
CS161,Problem solving through programming ,3,0,2,0,4,Dr. Sunil C K,,1,F,,B,N,N
HS161,English language and communication,3,0,0,0,3,Dr. Rajesh N S ,,1,F,,A,N,N
HS161,English language and communication,3,0,0,0,3,Dr. Rajesh N S ,,1,F,,B,N,N
PH151,Introduction to quantum physics,,,,,2,Prof. Ravishankar,,1,T,B1,,N,
DS151,Linux to engineers,,,,,2,Dr. Vivekraj,,1,T,B1,,N,
CS151,Introduction to cyber security,,,,,2,Dr. Girish Revadigar,,1,T,B1,,Y,
HS157,Computational musicology for hindustani music,,,,,1,Dr. Chandrika Kamat,,1,T,B1,,N,
HS156,Holistic peersonality development ,,,,,1,Dr. Rajesh N S ,,1,T,B1,,N,
,Basic of design ,,,,,2,Dr. Sandesh Phalke,,1,T,B1,,N,
,Kannada kali-nali,,,,,2,Dr. Anand P Barangi,,1,T,B1,,N,
,Fundamentals of sensing and controls,,,,,2,Mr. Mallikarjun Kande ,,1,T,B1,,N,
,Leveraging IT for social good & CSR,,,,,2,Dr. Rajesh N S ,,1,T,B1,,N,
,,,,,,,,,,,,,,
,,,,,,,,,,,,,,
MA261,Differential Equation,,,,,2,Dr. Anand P Barangi,,3,F,,,N,Y
MA262,Multivariate Calculus,,,,,2,Dr. Somen Bhattacharjee,,3,F,,,Y,Y
CS261,Operating Sytems,3,0,0,4,2,Dr. Suvadip Hazra,,3,F,,A,N,N
CS261,Operating Sytems,3,0,0,4,2,Dr. Suvadip Hazra,,3,F,,B,Y,N
CA262,Software design tools and tehniques,2,0,2,0,3,Dr. Sunil P V,,3,F,,A,N,N
CA262,Software design tools and tehniques,2,0,2,0,3,Dr. Vivekraj,,3,F,,B,N,N
CS263,Design and analysis of algorithm ,3,0,2,0,4,Dr. Malay ,,3,F,,A,N,N
CS263,Design and analysis of algorithm ,3,0,2,0,4,Dr. Promod Y,,3,F,,B,N,N
CS264,Computer networks ,3,1,0,0,4,Dr. Prabhu Prasad,,3,F,,A,N,N
CS264,Computer networks ,3,1,0,0,4,Dr. Prabhu Prasad,,3,F,,B,N,N
HS261,Ethics and values & Environmental studies ,,,,,3,Dr. Ganesh ,,3,F,,,N,Y
EC251,electronic system design - 1,,,,,2,Dr. Pankaj,,3,T,B2,,N,
EC252,Introduction of RFIC design ,,,,,2,Dr. Rajesh Kumar,,3,T,B2,,N,
CS152,Data science with pyhton ,,,,,2,Dr. Abdul Wahid,,3,T,B2,,N,
ASD352,User interaction and expirence design ,,,,,4,Dr. Sandesh Phalke,,3,T,B2,,N,
CS251,2D computer graphics,,,,,2,Dr. Vivekraj,,3,T,B2,,N,
,Introduction to embedded signals ,,,,,2,Dr. Sibashankar padhy,,3,T,B2,,Y,
,electronic sysytem engineering ,,,,,2,Mr. Mallikarjun Kande ,,3,T,B2,,N,
,,,,,,,,,,,,,,
,,,,,,,,,,,,,,
CS309,Statistics for computer science,3,1,0,0,4,Dr. Sunil C K,,5,F,,A,N,N
CS309,Statistics for computer science,3,1,0,0,4,Dr. Pavan ,,5,F,,B,N,N
CS303,Computer networks ,3,1,2,0,5,Dr. Animesh Roy,,5,F,,A,N,N
CS303,Computer networks ,3,1,2,0,5,Dr. Dibyajyothi,,5,F,,B,N,N
CS304,Artificial intelligence,3,1,0,0,4,Dr. krishnendu,,5,F,,A,N,N
CS304,Artificial intelligence,3,1,0,0,4,Dr. Girish,,5,F,,B,N,N
HS101,Environmental studies,0,0,0,8,2,,,5,F,,,N,Y
CS463,Parallel computing ,,,,,4,Dr. Promod Y,,5,T,B3,,N,
CS308,Compiler design ,,,,,4,Dr. Pavan ,,5,T,B3,,N,
DS301,Graphs and social network,,,,,4,Dr. Utkarsh,,5,T,B3,,N,
CS366,Advanced algorithm design ,,,,,4,Dr. Suvadip Hazra,,5,T,B3,,N,
DS359,Full stack development ,,,,,4,Dr. Manjunath K V,,5,T,B4,,N,
EC355,Internet of things,,,,,4,Dr. Prakash Pawar,,5,T,B4,,N,
EC364,Semiconductor device modelling ,,,,,4,Dr. Pankaj Kumar,,5,T,B4,,N,
CS352,Cryptography and information security,,,,,4,Dr. Rajendra Hegadi,,5,T,B4,,N,
ASD352,User interaction and expirence design ,,,,,4,Dr. Sandesh Phalke,,5,T,B4,,N,
EC365,AI in biomedical signal interpretation,,,,,4,Dr. Sibashankar padhy,,5,T,B4,,N,
,,,,,,,,,,,,,,
,,,,,,,,,,,,,,
 DS456 ,Cybersecurity techniques,,,,,4,Dr. Rajendra Hegadi,,7,T,B5,,N,
EC456,Reinforcement learning,,,,,4,Dr. Dibyajyothi,,7,T,B5,,N,
CS367,Image processing and computer vision,,,,,4,Dr. Vivekraj,,7,T,B5,,N,
DS401,health care data analytics,,,,,4,Dr. Girish G N,,7,T,B5,,N,
EC462,Generative AI,,,,,4,Dr. Chinmayananda A,,7,T,B6,,N,
,Hands on CMOS analog and RF circuit design,,,,,4,Dr. Rajesh Kumar,,7,T,B6,,N,
,Usability teting ,,,,,4,Dr. Sandesh Phalke,,7,T,B6,,N,
,Quatum AI + Quantum Gen AI: Generative models o quantum platform ,,,,,4,Dr. Aswath Babu,,7,T,B6,,N,
CS457,DevOPS and its application ,,,,,4,Dr. Shirshendu Layek,,7,T,B7,,N,
,Agentic AI,,,,,4,Dr. Sunil Saumya,,7,T,B7,,N,
CS468,Information retrieval,,,,,4,Dr. Krishnendu,,7,T,B7,,N,
,Cloud SRE and security,,,,,4,Dr. Malay Kumar,,7,T,B7,,N,
,Software defined network ,,,,,4,Dr. Jagadeesha R Bhat,,7,T,B7,,N,
CS470,AI for cybersecurity,,,,,4,Dr. Abdul Wahid,,7,T,B8,,N,
DS102,Finance and acounting ,,,,,4,Dr. Anushree,,7,T,B8,,N,
MA452,Operation research ,,,,,4,Dr. Anand B,,7,T,B8,,N,
EC463,Energy efficient neural networks,,,,,4,Dr. Jagadish D N ,,7,T,B8,,N,
,Mini Project,,,,,2,Dr. Animesh Roy and Dr. Promod,,7,F,,,N,
